Can you show Air Jordan 1,airjodan
can you show air jordan 4 ?,airjordan4
What best Sneakers ?,best_sneakers
How do care for and clean sneakers?,care_shoes
care and clean sneakers,care_shoes
What is the difference between sneakers and regular sports shoes?,diffrent_shoes
Difference between sports shoes and sneakers,diffrent_shoes
How do you differentiate between genuine and fake sneakers?,fake_sneakes
How do keep sneakers in good condition and make them last longer?,good_Conditions_Sneakers
How do choose the right size for sneakers?,size_sneakers
right size sneakers for feet,size_sneakers
What is best Sneakers price ?,sneakers_price
recommendations this year,sneakers_This_year
Do you have any sneakers recommendations this year?,sneakers_This_year
popular sneakers today,sneakers_today
What are the popular sneaker brands today?,sneakers_today
suitable for running,suitable_sneakers
Are there sneakers suitable for running or specific sports activities?,suitable_sneakers
can you show top sneakers ?,top_sneakers
What makes sneakers a fashion trend?,trend_shoes
What are the different types of sneakers available?,type_sneakers
type of sneakers,type_sneakers
Hi,Welcome
Hy,Welcome
Halo,Welcome
What is Sneakers ?,what_is_sneakers
can you show Adidas Yeezy Boost 350 ?,yeezy
